meal_id,member_id,meal_title,meal_set_count,meal_price,phone_num,post_num,member_ad,meal_image,buy_date
"﻿""1""",tkadid,치즈 돈가스 밀키트,2,28000,www,www,www,http://admin0000.dothome.co.kr/img/porkcutlet2.jpg,2022-10-04 23:11
"﻿""1""",aa,치즈 돈가스 밀키트,2,28000,1012345678,"06035, 서울 강남구 가로수길 9 (신사동)",505-401,http://admin0000.dothome.co.kr/img/porkcutlet2.jpg,2022-10-04 15:53
"﻿""1""",dahye2,치즈 돈가스 밀키트,2,28000,1024316781,"30084, 세종특별자치시 금남면 한양궁길 14",541,http://admin0000.dothome.co.kr/img/porkcutlet2.jpg,2022-10-04 15:48
"﻿""1""",qlql,치즈 돈가스 밀키트,1,14000,1012349191,10494,비비비,http://admin0000.dothome.co.kr/img/porkcutlet2.jpg,2022-10-04 23:08
"﻿""1""",rkswlek,치즈 돈가스 밀키트,3,42000,www,www,www,http://admin0000.dothome.co.kr/img/porkcutlet2.jpg,2022-10-04 23:10
"﻿""1""",ff,치즈 돈가스 밀키트,3,42000,1011112222,"12063, 경기 남양주시 진접읍 경복대로샘말길 3-5",541,http://admin0000.dothome.co.kr/img/porkcutlet2.jpg,2022-10-04 16:05
"﻿""1""",ss,치즈 돈가스 밀키트,1,14000,1022223333,"05693, 서울 송파구 가락로 2 (석촌동)",223,http://admin0000.dothome.co.kr/img/porkcutlet2.jpg,2022-10-04 16:16
"﻿""1""",qkqh1,치즈 돈가스 밀키트,1,14000,www,www,www,http://admin0000.dothome.co.kr/img/porkcutlet2.jpg,2022-10-04 23:12
"﻿""1""",dkssud,치즈 돈가스 밀키트,1,14000,ddd,ddd,ddd,http://admin0000.dothome.co.kr/img/porkcutlet2.jpg,2022-10-04 23:13
"﻿""1""",ww,치즈 돈가스 밀키트,5,70000,1033334444,"05200, 서울 강동구 가래여울길 3 (강일동)",376,http://admin0000.dothome.co.kr/img/porkcutlet2.jpg,2022-10-05 14:19
"﻿""1""",qq,치즈 돈가스 밀키트,3,42000,1044445555,"06027, 서울 강남구 압구정로2길 6 (신사동)",555,http://admin0000.dothome.co.kr/img/porkcutlet2.jpg,2022-10-05 14:21
"﻿""1""",ee,치즈 돈가스 밀키트,1,14000,1055556666,"04091, 서울 마포구 대흥로 11 (현석동)",222,http://admin0000.dothome.co.kr/img/porkcutlet2.jpg,2022-10-05 14:43
"﻿""1""",dahye1,치즈 돈가스 밀키트,3,42000,1024310000,"07322, 서울 영등포구 여의나루로 7 (여의도동, 광장아파트)",1동,http://admin0000.dothome.co.kr/img/porkcutlet2.jpg,2022-10-05 14:57
"﻿""1""",dd,치즈 돈가스 밀키트,2,28000,1066667777,"04353, 서울 용산구 이태원로 1 (한강로1가)",123,http://admin0000.dothome.co.kr/img/porkcutlet2.jpg,2022-10-05 15:42
"﻿""1""",qlql,치즈 돈가스 밀키트,1,14000,1012349191,10494,비비비,http://admin0000.dothome.co.kr/img/porkcutlet2.jpg,2022-10-05 18:50
"﻿""1""",dkssud,치즈 돈가스 밀키트,1,14000,ddd,ddd,ddd,http://admin0000.dothome.co.kr/img/porkcutlet2.jpg,2022-10-05 18:55
"﻿""1""",zpzp,치즈 돈가스 밀키트,1,14000,qqq,qqq,qqq,http://admin0000.dothome.co.kr/img/porkcutlet2.jpg,2022-10-05 19:02
"﻿""1""",ahtl,치즈 돈가스 밀키트,3,42000,qqq,qqq,qqqq,http://admin0000.dothome.co.kr/img/porkcutlet2.jpg,2022-10-05 19:04
"﻿""1""",aksksk,치즈 돈가스 밀키트,6,84000,wqq,qqq,qqq,http://admin0000.dothome.co.kr/img/porkcutlet2.jpg,2022-10-05 19:05
"﻿""1""",rr,치즈 돈가스 밀키트,1,14000,1066558877,"41491, 대구 북구 문주길 2 (금호동)",123,http://admin0000.dothome.co.kr/img/porkcutlet2.jpg,2022-10-06 14:01
"﻿""1""",vv,치즈 돈가스 밀키트,3,42000,1011223344,"03008, 서울 종로구 평창길 2 (평창동)",1234,http://admin0000.dothome.co.kr/img/porkcutlet2.jpg,2022-10-06 15:37
"﻿""1""",cc,치즈 돈가스 밀키트,2,28000,1012341234,"21334, 인천 부평구 길주로 473 (청천동)",212,http://admin0000.dothome.co.kr/img/porkcutlet2.jpg,2022-10-06 15:39
"﻿""1""",rkskek,치즈 돈가스 밀키트,1,14000,eee,eee,eee,http://admin0000.dothome.co.kr/img/porkcutlet2.jpg,2022-10-06 23:30
"﻿""1""",qorhvmek,치즈 돈가스 밀키트,2,28000,ddd,ddd,ddd,http://admin0000.dothome.co.kr/img/porkcutlet2.jpg,2022-10-06 23:32
"﻿""1""",ahah1,치즈 돈가스 밀키트,1,14000,100132647,111,114,http://admin0000.dothome.co.kr/img/porkcutlet2.jpg,2022-10-06 23:50
"﻿""1""",zlzl12,치즈 돈가스 밀키트,5,70000,1011112222,110,118,http://admin0000.dothome.co.kr/img/porkcutlet2.jpg,2022-10-06 23:51
"﻿""1""",dkfhd,치즈 돈가스 밀키트,1,14000,ddd,ddd,ddd,http://admin0000.dothome.co.kr/img/porkcutlet2.jpg,2022-10-07 13:36
"﻿""1""",ekfhd,치즈 돈가스 밀키트,1,14000,ddd,ddd,ddd,http://admin0000.dothome.co.kr/img/porkcutlet2.jpg,2022-10-07 13:37
"﻿""1""",xx,치즈 돈가스 밀키트,1,14000,1011224455,"46769, 부산 강서구 가덕해안로 3 (성북동)",652,http://admin0000.dothome.co.kr/img/porkcutlet2.jpg,2022-10-07 13:58
